<?xml version="1.0" encoding="UTF-8"?>
<!DOCTYPE mapper
      PUBLIC "-//mybatis.org//DTD Mapper 3.0//EN"
    "http://mybatis.org/dtd/mybatis-3-mapper.dtd">

<mapper namespace="com.tenminds.mapper.contract.ContractMapper">
	<select id="selectContList" parameterType="com.tenminds.domain.contract.model.request.SrchContractRequestDto" resultType="com.tenminds.domain.contract.model.ContractDto">
		 SELECT
			A.contract_no								<!-- 계약고유번호 -->
			, A.contract_state_cd						<!-- 계약상태 -->
			, H.pay_state_cd							<!-- 납입상태 -->
			, A.cert_no									<!-- 증서번호 -->
			, A.agent_ord_no							<!-- 대리점 주문번호 -->
			, A.channel_cd								<!-- 채널경로 -->
			, I.recruit_mgr_nm							<!-- 모집자 -->
			, A.recruit_mgr_cd							<!-- 모집코드 -->
			, D.pdt_name								<!-- 상품명 -->
			, E.cust_nm									<!-- 계약자명 -->
			, E.mp_no									<!-- 휴대폰번호 -->
			, E.birth_date								<!-- 생년월일 -->
			, E.sex										<!-- 성별 -->
			, B.ars_wd_agree							<!-- ARS동의여부 -->
<!-- 			녹취 여부  -->
<!-- 			검수 완료여부 -->
			<!-- 엑셀부분 -->
			, A.subsc_date								<!-- 청약일자 -->
			, A.contract_date							<!-- 계약일자 -->
			, F.change_dt								<!-- 계약상태변경일 -->
			, A.care_date								<!-- 케어일자 -->
			, J.channel_nm								<!-- 채널경로명 -->
			, D.pdt_unit_price							<!-- 상품금액 -->
			, A.pay_type_cd								<!-- 납입주기 -->
			, D.pay_times as pdt_pay_times 				<!-- 상품납입기간 -->
			, A.month_pay_amount						<!-- 월납입금 -->
			, A.discount_times							<!-- 할인횟수 -->
			, A.pay_times								<!-- 가입납입기간 -->
			, A.total_pay_amount						<!-- 가입금액 -->
			, H.pay_times as cur_pay_times 				<!-- 납입횟수 -->
			, H.total_pay_amount as cur_total_pay_amount<!-- 납입금액 누계 -->
			, H.overdue_times 							<!-- 연체횟차 -->
			, H.overdue_amount							<!-- 연체금액 -->
			, K.pet_nm									<!-- 펫 이름 -->
			, L.pet_type_nm								<!-- 펫 품종 -->
			, K.pet_birth_date							<!-- 펫 생년월일 -->
			, K.pet_reg_no								<!-- 펫 등록번호 -->
			, K.pet_sex									<!-- 펫 성별 -->
			, K.insu_start_date							<!-- 펫 보험개시일 -->
		FROM contract_m A
		LEFT JOIN cont_pay_info B ON A.pay_info_no  = B.pay_info_no
<!-- 		LEFT JOIN mgr_info C ON A.reg_mgr_id  = C.manager_id -->
		LEFT JOIN pdt_c D ON A.pdt_cd  = D.pdt_cd
		LEFT JOIN cont_cust_info E ON A.cust_no = E.cust_no
		LEFT JOIN (
			SELECT
				contract_no
				,change_dt
				, reason
			FROM cont_state_h
			ORDER BY change_dt DESC
			LIMIT 1
		) F ON F.contract_no = A.contract_no
		LEFT JOIN cont_cur_pay_info H ON A.contract_no = H.contract_no
		LEFT JOIN recruit_mgr_m I ON A.recruit_mgr_cd = I.recruit_mgr_cd
		LEFT JOIN recruit_channel_m J ON A.channel_cd = J.channel_cd
		LEFT JOIN cont_pet_info K ON A.contract_no = K.contract_no
		LEFT JOIN pic_pet_type_c L ON L.pic_cd = 1 AND K.pet_type_cd = L.wipet_pet_type_cd
		WHERE 1=1
		<if test='srchStartDate != "" and srchStartDate != null and srchEndDate != "" and srchEndDate != null'>
			<choose>
				<when test='srchDateKey == "1" '>
					AND A.subsc_date between #{srchStartDate} AND #{srchEndDate}
				</when>
				<when test='srchDateKey == "2" '>
					AND A.contract_date between #{srchStartDate} AND #{srchEndDate}
				</when>
				 <when test='srchDateKey == "3" '>
					AND F.change_dt between #{srchStartDate} AND #{srchEndDate}
				</when>
				<when test='srchDateKey == "4" '>
					AND A.care_date between #{srchStartDate} AND #{srchEndDate}
				</when>
			</choose>
		</if>

		<if test='srchContractStateCd != null and srchContractStateCd != ""'>
			AND A.contract_state_cd = #{srchContractStateCd}
		</if>
		<if test='srchArsAgreeStateCd != null and srchArsAgreeStateCd != ""'>
			AND B.ars_wd_agree = #{srchArsAgreeStateCd}
		</if>
<!-- 		녹취수신여부 어떤컬럼으로 ? -->
		<if test='srchRecReceiveStateCd != null and srchRecReceiveStateCd != ""'>
			AND A.contract_state_cd = #{srchRecReceiveStateCd}
		</if>
<!-- 		검수완료 여부 어떤컬럼으로 ? -->
		<if test='srchCheckStateCd != null and srchCheckStateCd != ""'>
			AND A.contract_state_cd = #{srchCheckStateCd}
		</if>

		<if test='srchValue != null and srchValue != ""'>
			<choose>
				<when test='srchValueKey == "1"'>
					AND A.cert_no = #{srchValue}
				</when>
				<when test='srchValueKey == "2"'>
					AND A.agent_ord_no = #{srchValue}
				</when>
				<when test='srchValueKey == "3"'>
					AND E.cust_nm = #{srchValue}
				</when>
			</choose>
		</if>

		<if test='srchPhoneNumber != null and srchPhoneNumber != ""'>
			AND E.mp_no = #{srchPhoneNumber}
		</if>
		<if test='srchBirth != null and srchBirth != ""'>
			AND E.birth_date = #{srchBirth}
		</if>
		<if test='srchSex != null and srchSex != ""'>
			AND E.sex = #{srchSex}
		</if>
		ORDER BY A.reg_dt DESC
		LIMIT #{offset}, #{limit}
	</select>

	<select id="selectPetListByCont" parameterType="com.tenminds.domain.contract.model.request.SrchContractRequestDto" resultType="com.tenminds.domain.contract.model.ContractDto">
		 SELECT
			C.pet_nm
			, G.pet_type_nm
			, C.pet_birth_date
			, C.pet_reg_no
			, C.pet_sex
			, C.insu_start_date
			, E.cust_nm
			, E.birth_date
			, E.mp_no
		FROM contract_m A
		LEFT JOIN cont_pay_info B ON A.pay_info_no  = B.pay_info_no
		LEFT JOIN cont_pet_info C ON A.contract_no = C.contract_no
		LEFT JOIN pic_pet_type_c G ON G.pic_cd = 1 AND C.pet_type_cd = G.wipet_pet_type_cd
		LEFT JOIN cont_cust_info E ON A.cust_no = E.cust_no
		LEFT JOIN (
			SELECT
				contract_no
				,change_dt
				, reason
			FROM cont_state_h
			ORDER BY change_dt DESC
			LIMIT 1
		) F ON F.contract_no = A.contract_no
		WHERE 1=1
		<if test='srchStartDate != "" and srchStartDate != null and srchEndDate != "" and srchEndDate != null'>
				<if test='srchDateKey == "1" '>
					AND A.subsc_date between #{srchStartDate} AND #{srchEndDate}
				</if>
				<if test='srchDateKey == "2" '>
					AND A.contract_date between #{srchStartDate} AND #{srchEndDate}
				</if>
				 <if test='srchDateKey == "3" '>
					AND F.change_dt between #{srchStartDate} AND #{srchEndDate}
				</if>
				<if test='srchDateKey == "4" '>
					AND A.care_date between #{srchStartDate} AND #{srchEndDate}
				</if>
		</if>

		<if test='srchContractStateCd != null and srchContractStateCd != ""'>
			AND A.contract_state_cd = #{srchContractStateCd}
		</if>
		<if test='srchArsAgreeStateCd != null and srchArsAgreeStateCd != ""'>
			AND B.ars_wd_agree = #{srchArsAgreeStateCd}
		</if>
<!-- 		녹취수신여부 어떤컬럼으로 ? -->
		<if test='srchRecReceiveStateCd != null and srchRecReceiveStateCd != ""'>
			AND A.contract_state_cd = #{srchRecReceiveStateCd}
		</if>
<!-- 		검수완료 여부 어떤컬럼으로 ? -->
		<if test='srchCheckStateCd != null and srchCheckStateCd != ""'>
			AND A.contract_state_cd = #{srchCheckStateCd}
		</if>

		<if test='srchValue != null and srchValue != ""'>
			<choose>
				<when test='srchValueKey == "1"'>
					AND A.cert_no = #{srchValue}
				</when>
				<when test='srchValueKey == "2"'>
					AND A.agent_ord_no = #{srchValue}
				</when>
				<when test='srchValueKey == "3"'>
					AND E.cust_nm = #{srchValue}
				</when>
			</choose>
		</if>

		<if test='srchPhoneNumber != null and srchPhoneNumber != ""'>
			AND E.mp_no = #{srchPhoneNumber}
		</if>
		<if test='srchBirth != null and srchBirth != ""'>
			AND E.birth_date = #{srchBirth}
		</if>
		<if test='srchSex != null and srchSex != ""'>
			AND E.sex = #{srchSex}
		</if>
		order by A.reg_dt desc
	</select>

	<select id="selectContCount" parameterType="com.tenminds.domain.contract.model.request.SrchContractRequestDto" resultType="int">
		SELECT
			COUNT(*)
		FROM contract_m A
		LEFT JOIN cont_pay_info B ON A.pay_info_no  = B.pay_info_no
		LEFT JOIN cont_cust_info E ON A.cust_no = E.cust_no
		LEFT JOIN cont_state_h F ON F.contract_no  = (
			SELECT
				contract_no
			FROM cont_state_h
			WHERE contract_no = A.contract_no
			ORDER BY change_dt DESC
			LIMIT 1
		)
		WHERE 1=1
		<if test='srchStartDate != "" and srchStartDate != null and srchEndDate != "" and srchEndDate != null'>
			<choose>
				<when test='srchDateKey == "1" '>
					AND A.subsc_date between #{srchStartDate} AND #{srchEndDate}
				</when>
				<when test='srchDateKey == "2" '>
					AND A.contract_date between #{srchStartDate} AND #{srchEndDate}
				</when>
				 <when test='srchDateKey == "3" '>
					AND F.change_dt between #{srchStartDate} AND #{srchEndDate}
				</when>
				<when test='srchDateKey == "4" '>
					AND A.care_date between #{srchStartDate} AND #{srchEndDate}
				</when>
			</choose>
		</if>

		<if test='srchContractStateCd != null and srchContractStateCd != ""'>
			AND A.contract_state_cd = #{srchContractStateCd}
		</if>
		<if test='srchArsAgreeStateCd != null and srchArsAgreeStateCd != ""'>
			AND B.ars_wd_agree = #{srchArsAgreeStateCd}
		</if>
<!-- 		녹취수신여부 어떤컬럼으로 ? -->
		<if test='srchRecReceiveStateCd != null and srchRecReceiveStateCd != ""'>
			AND A.contract_state_cd = #{srchRecReceiveStateCd}
		</if>
<!-- 		검수완료 여부 어떤컬럼으로 ? -->
		<if test='srchCheckStateCd != null and srchCheckStateCd != ""'>
			AND A.contract_state_cd = #{srchCheckStateCd}
		</if>

		<if test='srchValue != null and srchValue != ""'>
			<choose>
				<when test='srchValueKey == "1"'>
					AND A.cert_no = #{srchValue}
				</when>
				<when test='srchValueKey == "2"'>
					AND A.agent_ord_no = #{srchValue}
				</when>
				<when test='srchValueKey == "3"'>
					AND E.cust_nm = #{srchValue}
				</when>
			</choose>
		</if>
		<if test='srchPhoneNumber != null and srchPhoneNumber != ""'>
			AND E.mp_no = #{srchPhoneNumber}
		</if>
		<if test='srchBirth != null and srchBirth != ""'>
			AND E.birth_date = #{srchBirth}
		</if>
		<if test='srchSex != null and srchSex != ""'>
			AND E.sex = #{srchSex}
		</if>
	</select>

	<!-- 계약 상세 -->
	<select id="selectContractDetail" parameterType="com.tenminds.domain.contract.model.request.SrchContractRequestDto" resultType="com.tenminds.domain.contract.model.ContractDto">
		SELECT
			A.contract_no
			,E.cust_nm
			,E.mp_no
			,E.pr_area_type_cd
			,E.email
			,E.addr
			,E.addr_detail
			,E.mp_front
			,E.contact_tel_no
			,E.birth_date
			,E.sex
			,A.cert_no
			,A.agent_ord_no
			,A.contract_state_cd
			,(SELECT code_name FROM cmn_code_c WHERE cat_cd = 2 AND code = A.contract_state_cd) as contract_state_nm
			,H.pay_state_cd
			,A.subsc_date
			,A.contract_date
			,A.cancel_date
			,A.care_date
			,F.change_dt
			,F.reason
			,A.channel_cd
			,A.recruit_mgr_cd
			,A.pdt_cd
			,D.brand_cd
			,D.pdt_name
			,A.pdt_unit_price
			,D.pay_times as pdt_pay_times
			,A.month_pay_amount
			,A.discount_times
			,A.pay_times
			,A.total_pay_amount
			,A.pay_info_no
<!-- 			완납예졍일 -->
			,A.pay_type_cd
			,B.ars_wd_agree
			, (select code_name from cmn_code_c where cat_cd = 32 and code = B.ars_wd_agree) as ars_wd_agree_nm							<!-- ARS동의여부명 -->
			,B.ba_cert
			,B.ba_cert_dt
			,B.ars_wd_agree_dt
			,G.bank_cd
			,G.account_no
			,B.transfer_date
			,B.transfer_start_date
			,G.depositor
			,G.dep_rel_type_cd
			,G.dep_birth_date
			,G.dep_tel_no
			,C.sf_insu_join
			,C.pet_nm
			,C.pet_type_cd
			,C.pet_birth_date
			,C.pet_sex
			,C.pet_reg_no
			,C.insu_start_date
			,I.pet_type_nm
			,A.cust_no
			,J.bank_nm
			,B.pm_no
			,H.pay_times as cur_pay_times
			, (select code_name from cmn_code_c where cat_cd = 36 and code = H.pay_state_cd) as pay_state_nm
			,K.ars_result_cd
			,K.ars_dt
<!-- 			녹취수신여부	 -->
		FROM contract_m A
		LEFT JOIN cont_pay_info B ON A.pay_info_no  = B.pay_info_no
		LEFT JOIN cont_pet_info C ON A.contract_no  = C.contract_no
		LEFT JOIN pdt_c D ON A.pdt_cd  = D.pdt_cd
		LEFT JOIN cont_cust_info E ON A.cust_no = E.cust_no
		LEFT JOIN (
			SELECT
				contract_no
				,change_dt
				, reason
			FROM cont_state_h
			ORDER BY change_dt DESC
			LIMIT 1
		) F ON F.contract_no = A.contract_no
		LEFT JOIN cont_pm_ba_info G ON B.pm_no = G.pm_no
		LEFT JOIN cont_cur_pay_info H ON A.contract_no = H.contract_no
		LEFT JOIN pic_pet_type_c I ON I.pic_cd=1 AND C.pet_type_cd = I.wipet_pet_type_cd
		LEFT JOIN pg_bank_c J ON J.pg_cd =1 AND G.bank_cd = J.wipet_bank_cd
		LEFT JOIN cont_ars_pay_agree_h K ON B.ars_pa_no = K.ars_pa_no
		<trim prefix="WHERE" prefixOverrides="AND|OR">
			<if test='srchContractNo != null and srchContractNo != ""'>
			 	A.contract_no  = #{srchContractNo}
			</if>
			<if test='srchCertNo != null and srchCertNo != ""'>
				AND A.cert_no = #{srchCertNo}
			</if>
		</trim>
	</select>

	<!-- 동의 코드 리스트 -->
	<select id="selectCustAgree" parameterType="com.tenminds.domain.contract.model.request.SrchContractRequestDto" resultType="com.tenminds.domain.contract.model.repsonse.ContCustAgreeDto">
		SELECT
			A.cust_no
			,A.agree_type_cd
			,A.agree
		FROM cust_agree A
		WHERE A.cust_no = #{srchCustNo}
	</select>

	<select id="countContractByPdtCd" parameterType="String" resultType="int">
		SELECT COUNT(*)
		FROM contract_m A
		WHERE A.pdt_cd = #{srchPdtCd}
	</select>

	<select id="selectContCustAgreeList" parameterType="int" resultType="com.tenminds.domain.contract.model.repsonse.ContCustAgreeDto">
		SELECT
			A.cust_no
			, A.agree_type_cd
			, A.agree
			, A.l_upt_dt
			, B.code_nm
		FROM cust_agree A
		LEFT JOIN cust_agree_type_c B ON A.agree_type_cd = B.agree_type_cd
		WHERE cust_no = #{custNo}
	</select>

	<select id="selectContPayRoundInfo" parameterType="com.tenminds.domain.contract.model.request.SrchContractRequestDto" resultType="com.tenminds.domain.contract.model.repsonse.ContPayRoundInfoDto">
		SELECT
			A.contract_no
			, A.pay_round
			, A.pm_no
			, A.pay_dt
			, A.total_pay_count
			, A.total_pay_amount
			, A.pay_state_cd
			, A.pt_no
			, B.account_no
			, C.bank_nm
		FROM cont_pay_round_info A
		LEFT JOIN cont_pm_ba_info B ON A.pm_no = B.pm_no
		LEFT JOIN pg_bank_c C ON B.bank_cd = C.wipet_bank_cd
		WHERE contract_no = #{srchContractNo}
		ORDER BY A.pay_round desc
	</select>

	<select id="getContCurPayInfo" parameterType="com.tenminds.domain.contract.model.request.SrchContractRequestDto" resultType="com.tenminds.domain.contract.model.repsonse.ContCurPayInfoDto">
		SELECT
			A.contract_no
			, A.overdue_amount
			, A.overdue_times
			, A.pay_times
			, A.total_pay_amount
			, A.l_pay_round
			, A.pay_state_cd
			, A.cur_round
		FROM cont_cur_pay_info A
		WHERE A.contract_no = #{srchContractNo}
	</select>

	<select id="selectCertNoListByPayInfo" parameterType="com.tenminds.domain.contract.model.request.SrchContractRequestDto" resultType="com.tenminds.domain.contract.model.ContractDto">
		select
			A.contract_no
			, A.cert_no
			, E.ars_result_cd
			, E.ars_dt
		FROM contract_m A
		LEFT JOIN cont_pay_info B ON A.pay_info_no  = B.pay_info_no
		LEFT JOIN cont_pay_method_info D ON D.pm_no = B.pm_no
		LEFT JOIN cont_ars_pay_agree_h E ON B.pm_no = E.pm_no
		WHERE
		A.subsc_date = #{srchSubscDate}
		AND D.pay_type_cd  = #{srchPayTypeCd}
		AND A.cust_no  = #{srchCustNo}
		AND A.pdt_cd = #{srchPdtCd}
	</select>

	<select id="checkAccountState" parameterType="int" resultType="Integer">
		SELECT
			A.ba_cert
		FROM cont_pay_info A
		WHERE A.pay_info_no = #{payInfoNo}
	</select>

	<update id="updateContractCust" parameterType="com.tenminds.domain.contract.model.ContractDto">
		UPDATE cont_cust_info SET
		cust_nm = #{custNm}
		,mp_no = #{mpNo}
		,birth_date = #{birthDate}
		,sex = #{sex}
		,pr_area_type_cd = #{prAreaTypeCd}
		<if test='prAreaTypeCd == 2'>
			,email = #{email}
		</if>
		WHERE cust_no = #{custNo}
	</update>

	<update id="updateCustAgree" parameterType="com.tenminds.domain.contract.model.ContractDto">
		UPDATE cust_agree SET
		agree = #{agree}
		,l_upt_dt = now()
		WHERE cust_no = #{custNo} AND agree_type_cd = #{agreeTypeCd}
	</update>

	<update id="updateContract" parameterType="com.tenminds.domain.contract.model.ContractDto">
		UPDATE contract_m SET
		channel_cd = #{channelCd}
		, recruit_mgr_cd = #{recruitMgrCd}
		<if test='contractStateCd != null and contractStateCd != -1'>
			, contract_state_cd = #{contractStateCd}
		</if>
		, l_upt_dt = NOW()
		, l_upt_mgr_id = #{lUptMgrId}
		WHERE contract_no = #{contractNo}
	</update>

	<insert id="insertContStateH" parameterType="com.tenminds.domain.contract.model.ContractDto">
	<![CDATA[
		INSERT INTO cont_state_h
		(contract_no, prev_state_cd, new_state_cd, reason, manager_id)
		values
		(#{contractNo}, #{prevStateCd}, #{contractStateCd}, #{reason}, #{lUptMgrId})
	]]>
	</insert>

	<update id="updateContPayInfo" parameterType="com.tenminds.domain.contract.model.ContractDto">
		UPDATE cont_pay_info SET
		transfer_date = #{transferDate}
		WHERE pay_info_no = #{payInfoNo}
	</update>

	<update id="updateContractContPmBaInfo" parameterType="com.tenminds.domain.contract.model.ContractDto">
		UPDATE cont_pm_ba_info SET
		dep_rel_type_cd = #{depRelTypeCd}
		,dep_tel_no = #{depTelNo}
		WHERE pm_no = #{pmNo}
	</update>

	<select id="checkCurPayTimes" parameterType="String" resultType="int">
		SELECT
			pay_times
		FROM cont_cur_pay_info
		WHERE contract_no = #{contractNo}
	</select>

	<select id="getContractStateCd" parameterType="String" resultType="int">
		SELECT
			contract_state_cd
		FROM contract_m
		WHERE contract_no = #{contractNo}
	</select>

	<select id="checkDepRelTypeCd" parameterType="String" resultType="int">
		SELECT
			dep_rel_type_cd
		FROM cont_pm_ba_info
		WHERE pm_no = #{pmNo}
	</select>

	<select id="selectArsAgreeRequest" parameterType="String" resultType="com.tenminds.domain.contract.model.ContractDto">
		SELECT
			C.ars_dt
			, C.ars_result_cd
			, C.manager_id
			, D.name as manager_nm
		FROM contract_m A
		LEFT JOIN cont_ars_pa_contract B ON A.contract_no = B.contract_no
		LEFT JOIN cont_ars_pay_agree_h C ON B.ars_pa_no = C.ars_pa_no
		LEFT JOIN mgr_info D ON C.manager_id = D.manager_id
		WHERE A.contract_no = #{contractNo}
		ORDER BY C.ars_dt DESC
	</select>

<!-- /*********************************************************************************************************************************************/ -->

	<!-- 계약-등록관리 등록 -->
	<insert id="insertContractRegGrp" parameterType="com.tenminds.domain.contract.model.request.ContRegGrpRequestDto">
		<selectKey keyProperty="crGrpNo" resultType="String" order="BEFORE">
			SELECT nextval(seq_contract_reg_grp) AS crGrpNo
		</selectKey>
		<![CDATA[
			INSERT INTO contract_reg_grp
			(
				cr_grp_no
		]]>		
				<if test="regMgrId != null and regMgrId != '' ">,reg_mgr_id</if>
		<![CDATA[		
				,insu_acc_cnt
			)
			values
			(
				#{crGrpNo}
		]]>		
				<if test="regMgrId != null and regMgrId != '' ">,#{regMgrId}</if>
		<![CDATA[		
				,#{insuAccCnt}
			)
		]]>
	</insert>


	<!-- 계약-증서번호 발급관리 등록 -->
	<insert id="insertContCertNoM" parameterType="com.tenminds.domain.contract.model.request.ContCertNoMRequestDto">
		<selectKey keyProperty="certNo" resultType="String" order="BEFORE">
			SELECT CONCAT(DATE_FORMAT(NOW(), '%Y%m%d') ,nextval(seq_cont_cert_no_m))  AS certNo
		</selectKey>
		<![CDATA[
			INSERT INTO cont_cert_no_m
			(
				cert_no
				,reg_dt
		]]>		
				<if test="regMgrId != null and regMgrId != '' ">,reg_mgr_id</if>
		<![CDATA[		
			)
			values
			(
				#{certNo}
				,NOW()
		]]>		
				<if test="regMgrId != null and regMgrId != '' ">,#{regMgrId}</if>
		<![CDATA[
			)
		]]>
	</insert>

	<!-- 계약-계약자 정보 등록 -->
	<insert id="insertContCustInfo" parameterType="com.tenminds.domain.contract.model.request.ContCustInfoRequestDto">
		<selectKey keyProperty="custNo" resultType="String" order="BEFORE">
			SELECT nextval(seq_cont_cust_info) AS custNo
		</selectKey>
		<![CDATA[
			INSERT INTO cont_cust_info
			(
				cust_no
				,cust_nm
				,mp_no
				,birth_date
				,sex
				,pr_area_type_cd
				,email
				,zip_code
				,addr
				,addr_detail
				,contact_tel_no
			)
			values
			(
				#{custNo}
				,#{custNm}
				,#{mpNo}
				,#{birthDate}
				,#{sex}
				,#{prAreaTypeCd}
				,#{email}
				,#{zipCode}
				,#{addr}
				,#{addrDetail}
				,#{contactTelNo}
			)
		]]>
	</insert>


	<!-- 고객동의 등록 -->
	<insert id="insertCustAgree" parameterType="java.util.Map">
		<![CDATA[
			INSERT INTO cust_agree
				(cust_no, agree_type_cd, agree, l_upt_dt)
			values
		]]>	
			<foreach collection="list" item="item" separator=" , ">
            	(#{item.custNo}, #{item.agreeTypeCd} , #{item.agree}, NOW())
        	</foreach>
	</insert>


	<!-- 계좌증빙 받은 납입정보 카운트 조회-->
	<select id="selectContPayInfoBaCert" parameterType="com.tenminds.domain.contract.model.request.ContPayInfoRequestDto" resultType="int">
		SELECT
			COUNT(pay_info_no) as cnt
		FROM cont_pay_info
		<trim prefix="WHERE" prefixOverrides="AND|OR">
			<if test="pmNo != null and pmNo != '' ">
				pm_no = #{pmNo}
			</if>
			<if test="baCert > 0">
				AND ba_cert = #{baCert}
			</if>
		</trim>	
	</select>


	<!-- 계약-납입정보 등록 -->
	<insert id="insertContPayInfo" parameterType="com.tenminds.domain.contract.model.request.ContPayInfoRequestDto">
		<selectKey keyProperty="payInfoNo" resultType="String" order="BEFORE">
			SELECT nextval(payInfoNo) AS payInfoNo
		</selectKey>
		<![CDATA[
			INSERT INTO cont_pay_info
			(
				pay_info_no
				,ba_cert
				,transfer_date
				,transfer_start_date
				,pm_no
			)
			values
			(
				#{payInfoNo}
				,#{baCert}
				,#{transferDate}
				,date_format(#{transferStartDate}, '%Y%m%d')
				,#{pmNo}				
			)
		]]>
	</insert>











	<!-- 계약-펫정보 등록 -->
	<insert id="insertContpetInfo" parameterType="com.tenminds.domain.contract.model.ContractDto">
		<![CDATA[
			INSERT INTO cont_pet_info
			(
				contract_no
				,sf_insu_join
				,pet_nm
				,pet_type_cd
				,pet_birth_date
				,pet_sex
				,pet_reg_no
				,insu_start_date
			)
			values
			(
				#{contractNo}
				,#{sfInsuJoin}
				,#{petNm}
				,#{petTypeCd}
				,#{petBirthDate}
				,#{petSex}
				,#{petRegNo}
				,#{insuStartDate}
			)
		]]>
	</insert>



	<!-- 계약-납입정보 등록 -->
	<insert id="insertContpayInfo" parameterType="com.tenminds.domain.contract.model.ContractDto">
		<selectKey keyProperty="seqPayInfoNo" resultType="String" order="BEFORE">
			SELECT nextval(payInfoNo) AS payInfoNo
		</selectKey>
		<![CDATA[
			INSERT INTO cont_pay_info
			(
				pay_info_no
				,pay_type_cd
				,ba_cert
				,ba_cert_dt
				,ars_wd_agree
				,ars_wd_agree_dt
				,at_bank_cd
				,at_account_no
				,transfer_date
				,transfer_start_date
				,depositor
				,dep_rel_type_cd
				,dep_birth_date
				,dep_tel_no
			)
			values
			(
				#{payInfoNo}
				,#{payInfoTypeCd}
				,#{baCert}
				,#{baCertDt}
				,#{arsWdAgree}
				,#{arsWdAgreeDt}
				,#{atBankCd}
				,#{atAccountNo}
				,#{transferDate}
				,#{transferStartDate}
				,#{depositor}
				,#{depRelTypeCd}
				,#{depBirthDate}
				,#{depTelNo}
			)
		]]>
	</insert>


	<!-- 계약관리 등록 -->
	<insert id="insertContractM" parameterType="com.tenminds.domain.contract.model.ContractDto">
		<selectKey keyProperty="contractNo" resultType="String" order="BEFORE">
			SELECT nextval(seq_contract_m) AS contractNo
		</selectKey>
		<![CDATA[
			INSERT INTO contract_m
			(
				contract_no
				,cr_grp_no
				,agent_ord_no
				,cert_no
				,subsc_date
				,channel_cd
				,recruit_mgr_cd
				,recruit_mgr_nm
				,pdt_cd
				,pdt_unit_price
				,pay_type_cd
				,month_pay_amount
				,discount_times
				,pay_times
				,total_pay_amount
				,reg_dt
				,reg_mgr_id
				,contract_state_cd
				,cust_no
				,pay_info_no

			)
			values
			(
				#{contractNo}
				,#{crGrpNo}
				,#{agentOrdNo}
				,#{certNo}
				,NOW()
				,#{channelCd}
				,#{recruitMgrCd}
				,#{recruitMgrNm}
				,#{pdtCd}
				,#{pdtUnitPrice}
				,#{payTypeCd}
				,#{monthPayAmount}
				,#{discountTimes}
				,#{payTimes}
				,#{totalPayAmount}
				,NOW()
				,#{regMgrId}
				,#{contractStateCd}
				,#{custNo}
				,#{payInfoNo}
			)
		]]>
	</insert>



	<!-- 계약-결제수단정보 시퀀스 조회 -->
	<select id="selectSeqContPayMethodInfo" resultType="String">
		SELECT  CONCAT(DATE_FORMAT(now(),'%Y%m%d'), nextval(seq_cont_pay_method_info)) AS pmNo
	</select>


	<!-- 계약-결제수단정보 등록 -->
	<insert id="insertContPayMethodInfo" parameterType="com.tenminds.domain.contract.model.ContractDto">
		<![CDATA[
			INSERT INTO cont_pay_method_info
			(
				pm_no
				,pay_type_cd
				,reg_dt
			)
			values
			(
				#{pmNo}
				,#{methodPayTypeCd}
				,NOW()
			)
		]]>
	</insert>


	<!-- 계약-결제수단_은행계좌정보 등록 -->
	<insert id="insertContPmBaInfo" parameterType="com.tenminds.domain.contract.model.ContractDto">
		<![CDATA[
			INSERT INTO cont_pm_ba_info
			(
				pm_no
				,is_auth
				,bank_cd
				,account_no
				,depositor
				,dep_rel_type_cd
			)
			values
			(
				#{pmNo}
				,#{isAuth}
				,#{bankCd}
				,#{accountNo}
				,#{depositor}
				,#{depRelTypeCd}
			)
		]]>
	</insert>

	<!-- 계약-계좌인증히스토리 시퀀스 조회 -->
	<select id="selectSeqContBaAuthH" resultType="String">
		SELECT  CONCAT(DATE_FORMAT(now(),'%Y%m%d'), nextval(seq_cont_ba_auth_h)) AS aahNo
	</select>


	<!-- 계약-계좌인증히스토리 등록 -->
	<insert id="insertContBaAuthH" parameterType="com.tenminds.domain.contract.model.ContractDto">
		<![CDATA[
			INSERT INTO cont_ba_auth_h
			(
				aah_no
				,pg_cd
				,auth_try_dt
				,auth_result_cd
				,pm_no
			)
			values
			(
				#{aahNo}
				,#{pgCd}
				,NOW()
				,#{authResultCd}
				,#{pmNo}
			)
		]]>
	</insert>


	<!-- 계약-계좌인증히스토리 수정 -->
	<update id="updateContBaAuthH" parameterType="com.tenminds.domain.contract.model.ContractDto">
		<![CDATA[
			UPDATE cont_ba_auth_h
				SET
					auth_result_cd = #{authResultCd}
			WHERE aah_no = #{aahNo}
		]]>
	</update>


	<!-- 계약-결제수단_은행계좌정보 수정 -->
	<update id="updateContPmBaInfo" parameterType="com.tenminds.domain.contract.model.ContractDto">
			UPDATE cont_pm_ba_info
			<trim prefix="SET" prefixOverrides=",">
				<if test="isAuth != null and isAuth != '' ">,is_auth = #{isAuth}</if>
				<if test="aahNo != null and aahNo != '' ">,aah_no = #{aahNo}</if>
				<if test="depositorUpYn != null and depositorUpYn != '' ">
					<if test='depositorUpYn.equals("Y") '>
						,depositor = #{depositor}
					</if>
				</if>
			WHERE pm_no = #{pmNo}
			</trim>

	</update>


</mapper>

